{
    "loss": 0.28379493951797485,
    "accuracy": 0.8879310488700867
}