{
    "loss": 0.12612754106521606,
    "accuracy": 0.9568965435028076
}
