{
    "loss": 0.14236925542354584,
    "accuracy": 0.9568965435028076
}